x,y
7.874226918866237,12.033412629980749
8.336693345835824,-4.003549377596858
5.47904460184225,-4.65173271610951
9.734490961401129,7.497838589569904
2.368335579123598,6.331784966915524
6.469233432502174,14.55063177371995
0.650260710788888,-0.2734476122193399
5.555776066518612,11.486522760494978
4.023574830528665,4.154312553901289
2.6596579739226947,4.859915284021494
9.86682300150472,-1.0875365578437073
3.9731766763754606,1.1732659724290322
3.284561911559302,7.127823997789597
1.2515699040614314,-1.7129362210708756
1.1145780072544265,4.412623974689106
9.845734020457273,29.338818306169294
5.789395339218826,13.531453601952942
8.92092595447644,10.002638613628193
0.15080181075462606,0.9259757494561655
5.996986755141949,6.409534782836216
4.202239266874328,11.60387316714349
3.7373088429413692,10.887850615879742
7.065091002626111,2.1954918910232433
0.6140810210962844,-0.5019509365099739
2.358097253698869,-1.0266400568784997
2.4576245595679858,1.6008441060193337
4.486105501845818,13.780699618581373
3.316726517448262,1.6870989353633812
7.717461240157387,12.504024500251598
4.7309279166108915,3.9561407774143755
7.804164336027832,0.3901439422649293
1.2486297555652415,3.5871117691924694
5.788296722951496,11.201714834180233
7.067572947705689,8.290657763414483
6.835448475783127,6.136561904696686
0.3673200875216309,-0.7249174038379075
1.7688461199349959,-1.3474917628976995
6.090460111348744,1.974379663601832
2.691983885226433,-1.4629334053581875
4.5148021129557625,11.602727174631386
8.942797808500046,17.17057899163312
8.625349400242065,10.142252558937486
0.035814243756788766,0.5171634927252037
5.140452492668295,2.8071101157961555
9.29483490057269,13.724056128932906
3.4964112958178504,6.350502542958448
4.722426510268594,15.113780718957678
3.70141859787551,6.957266185156449
8.048341461278204,11.175922379951741
4.395977028246144,7.915835771159111
9.046281956902572,16.315148347710956
1.9096543152333745,4.831511975884176
4.14428430028893,-3.094516560753414
4.189445582822064,12.91362721097369
6.320369351803123,9.685454997823708
4.993212482855165,6.2515235835435625
2.546872757949358,5.734902395820912
8.571496237378707,31.21879129014583
5.119555943042018,-4.14552677027953
2.266470509788092,10.75000605254634
8.61130839607272,2.76572369767967
9.877969713943124,18.109191427737155
0.26307069059290256,0.8792540187124431
1.9926526552722201,4.112307815957881
5.564560795954808,8.848703017294252
3.75117427199799,4.7410452812087485
8.70747867360624,-11.451742056321397
4.2214158722190085,3.9034079904735624
5.041827432699248,3.632259756079465
4.821765889854731,4.967143701387176
8.691090394430654,8.943980729892967
4.378220511990714,8.808276873710378
5.855746381902066,13.93029099896701
0.837705389925667,-1.6859574308992553
7.577838311087991,-6.644222570916591
0.7705471312182577,1.019892001211964
0.19845230110272616,0.07321030111650231
6.448006152066768,9.713070879923183
0.9562720763684984,-0.8182666531217442
6.841973249921106,19.476433171566356
3.3971480547904953,8.10753206168619
8.535850023467468,26.73912055894501
0.7935004201217,0.49797841577776014
1.8657929861425049,-2.5986120350303574
4.7949891368032125,1.8479443386665828
7.993599011286116,12.299085595023964
0.6351745103802209,-0.6518817241736037
9.845354535794264,-0.08302973864458707
5.906141891871285,17.423005201026566
4.080847637685024,11.828105332695428
6.307530323071112,13.735405500867596
9.537956114969003,20.631915967217978
2.1054955499373094,5.2945407495167
1.5804452840496297,3.9877730429193248
3.061766643199796,4.1828020896335305
0.5925626225164149,1.007535116363275
2.896009327389751,-2.598431363722457
5.165116875995675,5.895012941738205
1.6650553506761712,0.3737654750080015
9.530023307267166,16.169068122852003
8.84792889646347,16.899005181724576
3.235686051317747,2.876823255607323
9.327526352419916,25.17103451753798
1.3467713215115629,3.011920776565226
3.319343040729781,7.000776933852134
8.328480922938295,24.523108800147796
7.404210196230555,23.7985110255623
0.7806696834290605,2.0041905491795875
1.739455859782847,4.552434068402597
5.58912345583402,4.737951891808967
8.466657457856133,23.504896687636027
4.840431241909625,10.334702901950244
6.053262073309321,8.647374617184736
0.1727175337254916,-0.4642909625196844
2.1135027990280353,3.884124783772184
6.098467364031835,14.710807893867562
1.2249642314116327,3.403022465304449
1.1078483211556778,0.06544470321422446
1.0686565139843807,2.0061855556466672
6.526993432979735,18.802178173311503
9.944537800397002,16.147290388085512
7.094261419650429,14.110327267377608
1.9048536363072222,6.2714134979440725
6.930020058628229,35.71474964798632
5.531846282578629,-0.8617766975468175
0.9758127879760381,2.5130222948454737
2.64168355568829,4.935904753436774
0.8381800749891699,1.1170813457195847
2.2830384699109576,6.180825945521457
3.436448350992122,5.233236046331961
3.8601606729124915,13.512243124571558
0.4815897831801008,1.8917814214026432
3.0323532525839534,8.587802997569929
2.0250199881515463,4.295013803136409
1.684376297571517,0.567427793744709
1.5882581241646598,-2.2676478758573237
7.079475235254106,19.646465072432342
4.643173943654782,0.22151901469576263
5.069386108249762,15.6319414542314
0.990234932022297,2.363006528797513
2.5110930703278997,7.714260258258529
0.3989733918866323,0.6170158603285946
1.4646293500729024,-2.1638666924809944
2.981612709928058,0.8573228463860718
3.4594998709290214,4.583078620547948
5.246208358710646,5.0773044834058485
8.187906796379783,17.639992086573486
0.13422420750299757,0.8925897169961537
0.15300293520715158,-0.8552587503878344
5.953223056102855,4.121998401041737
3.30907869536317,0.38794046798683013
7.527908102639146,26.367998012048233
4.608846599676503,15.086958786738245
2.1312023605356343,0.5183570483197864
7.314394473169896,19.749208165832215
0.8347838611338931,-0.8774754411858225
4.4844090435580135,7.587725716848279
8.709990836273889,9.726835950531601
9.391589977227952,37.81263278786915
2.132765789490849,3.2544542184844265
5.989504953251938,18.88944602784856
4.256529705164621,6.071928542960173
7.833078262090488,20.834147835774132
1.8114187311038032,3.4552458024486876
7.226418347196283,10.655087634149943
5.374039816156645,6.772135564647859
8.249528774228521,6.714521730372924
3.340258944118818,6.53053181528586
7.877692748899062,27.065073957718013
2.5106953569056865,-3.1749420320818627
8.26393672204324,29.0420288755018
8.000815060677612,11.727004213240162
2.045302363102256,6.199328504893425
5.724789287875721,8.330151918485221
9.544556103400948,15.427525380778802
6.8329574530485395,-2.007120953078017
1.5040210222903827,1.0363973504369184
0.9853284637219251,0.7415693077750833
2.272405339176432,5.168462791864562
9.070164056776777,6.753740552994253
7.574277469158316,6.880530321356575
8.69171750350192,17.274491390206137
7.673425254283747,15.410032661207271
5.189446904644479,1.6012247119685172
8.989643844576884,-0.1342340397411128
3.4027376418403907,7.477918525205025
2.682128262188659,8.81690928074832
6.13800124263237,14.60880774259723
4.586881028991844,9.809647555451162
6.811019048009216,17.030899840732424
9.182360228090714,-3.594107526685029
1.6679151210687482,3.4051269445964474
5.801302415688463,8.871238021269303
5.23438714839482,11.233679822328673
2.186253493599194,1.680725805969469
5.682824988926636,2.5660116180674155
9.229904573239715,20.606469236437288
9.285497189847494,11.153250957533322
7.039204185168975,12.164279620075929
5.337646195908816,15.892712004484402
0.7790780396285268,2.8584610596944655
2.6027965705744927,7.6243969345425135
3.4983455076346215,-0.8048707359648679
4.289547490298049,13.422188004729382
3.649373385154089,11.448131515914206
0.9258702406921249,5.080350252797407
6.864178993328004,22.05459796188517
5.750183476936543,-1.8185266688268857
0.6957417692191481,5.445635108819322
9.471663972562826,26.37644132514412
6.700797851115281,6.525440072515619
2.576079225959841,0.49716696507203473
3.9825431153338595,3.0691554443498585
3.0458116476073958,1.0192535746698903
1.8864937581737395,3.4891247935100274
7.500412622348075,15.740634965512234
4.780471145787688,12.034796886374899
1.9271845067374826,7.94641370246122
8.2664834330039,12.216896399671741
0.3157817056358836,1.0616875901118548
9.423806301915098,-5.0081665491548755
2.848304428324276,4.280996100440173
9.107738373969346,5.087687332547304
6.882628808283645,16.440122772182114
1.8907731123740923,-0.05649440179561571
0.5191342914753616,-0.06142597041822051
6.353060213117702,11.85174582487529
9.067280396464213,18.266809887402633
6.360008268138718,17.959921265253463
8.00570015505934,14.250438884048132
3.297387110415456,6.947667371603268
6.3113870566627615,14.717561940001389
9.62891929331446,29.167278183872167
0.08112582635055543,1.3854740055545678
8.62779091798997,3.4601655215457328
4.001759621003524,6.131214430289354
8.729256514728485,20.471716177186607
9.502977449007728,8.869188039008161
8.460694877592733,18.749486148452135
2.417303540675624,3.1910298081398345
3.875183392327808,6.739827104001055
1.2036622533907304,5.927300435514441
8.064258204872525,11.503691007045768
1.6920404976577907,4.95062595113183
3.537562398344228,0.3362309598791855
1.3624085353332516,2.3413454130440856
7.446174346546638,14.924413948490596
3.648901317508464,7.769555937598017
1.5801102658397115,-1.8376780043306788
5.764351947095169,20.983046515565793
0.8916073355889709,-0.3646827356427169
6.984241443521376,3.557728414659608
0.7883863120111312,1.6884607995233172
8.613718407719052,22.154433351160172
6.999996609833446,2.5303115660263913
0.6433408292189469,1.3648198440618577
8.817386688695578,21.951407955486463
1.7475642043819906,4.029565058478445
6.015735375445849,11.346829119586232
9.628662241448318,42.56205028318132
0.9681088854084496,1.0112028357008
3.317900064300546,7.297201004855444
5.291927223005457,1.49457359502584
0.8127832123825873,-0.07662518001490315
4.020158841948084,-4.189800542855293
2.0239863819864876,4.598786726087038
4.154936344781456,5.593244053691097
6.656682979154983,13.613401222650527
9.168224392437612,23.929228006906374
1.549310904794069,1.7203047564293859
8.38121431000462,27.867626451842327
7.140542193844656,15.75646067880606
5.002955322039706,16.235956312638407
1.1974983056351252,2.715014492396271
1.1223007766509108,2.03263768251346
9.404704747828092,29.47812605413958
6.068591930795716,11.574402281172837
3.9745139727047762,6.656839582425377
6.021744850797299,10.057108892347815
9.642131997833967,15.587988173764382
6.460734687743736,8.309432482030225
6.331641437758686,11.604713614487862
4.277938449295671,5.870284955038345
1.2081658051955835,5.731130083656037
9.66333368832807,22.00262444249792
5.6272269748666925,9.713087617473883
4.123372747573956,2.98570744274181
9.239615097402238,32.00321584456164
8.5271927649981,7.106378745294051
7.657586395241774,9.508603248273749
0.6844869359829564,1.125042812523744
4.523229840363474,6.351436438675791
1.881199224062321,2.4115422203259427
4.604191536392944,0.7264947210096677
9.233846972204807,5.908049494373931
5.201796944979061,13.199419236438295
6.986433353828132,12.155868827956239
6.120757718396247,3.092543075408785
7.72131313072527,18.25126611699683
0.33522023435092696,0.09211721428804442
2.046080920154525,5.065357729539718
0.5110841264577115,0.49730759466775754
7.372164502894821,10.163464294531664
3.070891377366527,4.73443392958143
5.932255747026631,10.828475623572471
5.964055598237842,9.327862122179917
1.4903237137533076,2.5066115277655565
8.943271031965267,25.36249608129137
0.13027347848243664,1.7341537640109579
2.013512825231827,2.547103048982614
7.092486087532171,4.546312183017577
5.2060898097657375,12.397102786823147
9.400427280067783,5.999019101076302
3.6115909191080418,7.4616125940762235
0.742949401330335,0.9989428676918628
3.815980948331653,9.557958099483535
2.280318907953652,1.6368297734487667
8.712031393085146,15.116239608910469
1.7003107517844518,1.3831607634174101
6.205576613213532,10.183330621462982
0.3106532320858235,0.9391871253130664
7.184292695132173,14.340874341814938
7.231403366878787,3.3453516006696855
9.456077170003388,13.905153854057861
8.469152598570252,-17.384768371887592
9.264704904889182,6.586421527618003
2.8059567360392434,6.385526430825214
1.2640030654636536,-0.3234020125467567
1.0954394172271698,2.7871037414246937
8.71327866209198,7.348491134079076
9.453974384381473,-0.43769990062094166
2.939442215842445,4.629941836394662
4.805509746120251,-0.4683690341766047
8.917516652136811,-3.188812446377945
6.708296337773777,4.39505513831864
3.4191347977736894,2.7821948231352867
1.6900429021230845,2.3744380633068305
0.5037169391207552,-0.9208778484807032
7.190964213882351,13.798615760774853
4.113624718222487,-1.3898512743542248
0.6882796163335125,1.2928839330287172
8.706735294083806,9.73440108464074
5.736485150788791,5.337123167595456
6.042653929970507,4.033814622301612
8.281012236412929,20.686372171164244
6.825820191138661,-2.48764243635695
6.824265171372318,14.940811489958481
2.472774517099058,8.058800122299129
5.125796081754295,4.320714295158869
5.549527600887197,-3.599767464357118
2.992522430624537,2.496481960094939
8.489720579913646,11.345435536758131
3.1214103708244245,4.2835419055634585
5.9566259510251225,6.1468833391371795
4.103149340670144,1.4019081693049982
3.688472860231432,10.655981513661796
5.393423369231222,14.459052137984223
6.352173159583248,13.608977279677244
0.9690912777023308,2.8525601427503906
3.8296520879616036,9.57904665254792
4.212703920696896,5.060326743143084
9.910076299017948,10.779277650241
4.190792915708754,11.771935586172361
5.965885682175955,3.1740373123460817
4.416146073060666,-3.5236511540695385
6.696430032894117,-7.881597265047139
4.816951089225193,12.990800943722803
2.70531255401822,3.7922214727762853
9.844903022830088,1.182120344650171
2.7325489233320277,4.613144930100891
5.260884145894539,-2.052490394553992
5.665308409713612,9.16625661160478
6.579638815651064,2.7247424908966087
7.7318017929841485,-2.6797186540210483
5.464273082305158,5.574332689228901
8.775522043543365,15.866692035012923
7.20904901994659,-2.808897798039407
1.8822247354410537,2.994211940515979
4.5268675473964635,14.758370643494304
2.1239717503222453,6.79388611424402
2.990743660563131,3.1444855905550555
6.0381807366929845,19.299033339475866
0.2740632367926443,1.2100598890870344
7.2093980489332115,2.8793545910664697
7.383458415216069,-1.4017984633152345
1.997436663669816,6.271172115018301
3.892542533166359,2.3535152361122593
6.756642988170061,-2.5542543765967363
5.623024899572201,10.151425656846094
7.67741139175825,17.732418305328814
7.546258722796631,14.091470975854024
9.059982622608011,11.157273642097909
2.1957434116462227,4.121614826010962
7.587303304302365,4.792545694185077
7.826588641198409,6.272120068855092
3.1502688764310927,7.277360908685639
1.157512994226465,3.1275724641866405
4.470063102529838,2.4726284525761315
2.2711910669607915,7.992932816189008
9.167122822633617,17.53918750351161
6.90717101668466,15.754601200040245
6.119325033071879,6.024907825103703
1.779745381023058,0.8750386091043274
0.6286070998265403,1.5246147321551575
0.623781509419189,3.0630622537874514
7.81042700229844,11.989103091068559
1.1854371626459737,-1.1713850168922173
0.4728078263055069,1.2668505626433348
8.170552093486332,6.299878649025029
2.1020516043102964,2.8479030857140466
5.240466290018593,15.015515541123907
2.23069944625526,1.3078239253930968
7.2768040000106415,6.448046622935355
4.243194409149169,8.544589248967503
3.9873647316989045,6.2389861470455354
7.525842852032961,2.553425173256162
6.6534546268428,-4.450751278628591
7.697039785373475,28.262477685770865
5.842905132155865,3.8968202863245613
4.911325518090294,6.806879429706086
5.8678385887596365,10.0159419679675
7.068616520372358,16.71053556062012
1.4493130661432396,0.7704299277389823
2.2955374144551035,3.7754821080176186
0.3035310382710099,0.35732272099641743
2.4357636977582864,4.800279951865813
3.680560996304878,7.822543441327588
9.988754340905254,21.38991773922428
9.459713239545561,13.787734557504281
5.199855860966283,6.843512085875096
6.593821844435839,16.118222627471248
8.537020831444003,16.551712268296885
5.464691212028498,18.92886003259123
8.325697847275803,4.943338676170514
9.636475997116174,35.201347126547276
7.227726651308019,-2.661815903457006
1.938108070165535,-0.2561214636502993
6.944903779675088,7.293457221751295
0.2276118793692783,1.094524276721941
6.089207679940445,3.2426544805872135
7.623228450135565,26.594635425665373
9.102529111377255,-1.0341560849480906
2.6584422818956552,-1.982150056911014
8.858028074386976,25.589162188052725
0.8591375117071753,-3.4001142040775125
7.064874638600683,10.82193709333253
7.718078974837649,15.316947100239954
9.092522976416944,6.935293102185235
1.2859862944967604,4.180528333619925
0.016274385306100925,0.9432997146645102
4.206012093511405,2.926838229672971
3.004580996090601,1.3299601619111154
9.120110340513612,24.646355634725893
8.762950474994987,9.396625425835852
2.4209779860616134,0.39290639610887057
3.586295381329786,11.991772242796026
1.5288081140155707,3.980409637557967
1.6461967547745748,6.719731408309885
7.906206700995434,19.053656814053515
8.026518898563156,12.561576714625472
8.929587801710008,25.641554690520387
7.684673531372392,23.774545530857566
3.7325036550852007,8.373088178106855
7.298378663126415,26.939969793607922
3.5270428943522427,9.444568321350436
8.685584299588832,15.240393820110508
0.7272042660564793,0.7194347782753433
1.471067929515123,6.934789888325546
7.447684752474936,14.91956624532908
5.707063713713405,5.933550257095504
0.7389404357764273,2.2093371176664776
5.320046269956553,6.204686956808022
1.547012546929949,4.9498744069911
2.7162134758435794,4.2113285138518295
9.02660569603541,20.034959393716537
3.1161211364917882,6.837843218385856
6.462919404910297,12.468000055024142
5.4060865984716076,16.82654202342592
3.63434677194562,3.1173686995745835
3.2670051390379165,7.076412513019672
6.001241742086685,19.1921951984765
0.46096617376809257,0.11537867724635897
6.420725636178145,3.7343373874363914
6.066553793246703,12.644675896897915
6.951923055528261,12.134241742123521
1.865899720645089,-4.87013148131946
6.839216661551264,-1.4987016840329161
1.9376407705606125,-0.5886621344348311
8.028243549898807,10.994334741796425
8.129520577430062,15.422415355962828
2.790834474377827,0.2135145604366433
6.12233241802373,0.21766734810462474
1.393594266829672,0.2204788904659687
5.387070462978007,2.0467667489979036
8.64040295589095,9.646536868050468
4.161017671729681,-0.3378504329696508
6.999914681948382,17.04008598304069
1.9131715816997807,6.687573673468384
6.938960453298272,14.359001123553698
5.730309930221909,-8.10821676773222
9.429832543073086,12.480967019448912
6.061359440672578,18.65939925458831
2.91698369564077,5.290656947211769
4.909188239773725,14.625585057700057
4.229375055353905,11.802561952350937
7.08248486543661,1.3272341233865248
6.557428142084989,23.154605852266055
7.181822685493286,11.3814249031808
1.0888622445776408,0.7720808239605204
8.557679587657576,11.01116135857771
8.517476052075658,10.947907908240712
7.3132379663318,4.465767323337085
6.126401860436234,8.36717053374362
3.3307391703700073,12.540102407701816
7.852546138606847,10.361519051018561
9.281883141748438,19.448336444212647
4.313852415130785,7.647140055070675
7.863972203234912,3.9961634249896187
4.449908262979533,9.315440102077552
5.796492881630357,2.304626483587218
0.7253697814716931,-0.07784730159793929
0.5999802105954954,1.5053220869883672
3.8614399863978797,0.38989880462736437
4.640301955980373,1.84817654004822
7.484770148812022,1.2550066693836186
8.83003671028848,5.988853820402797
0.4823792361665791,2.7277159441866488
6.879224850229112,7.223582561089712
9.616254206178262,4.435580370450925
9.188947016598817,11.184315713463759
4.273881969462783,2.156504618501441
2.592079682599986,0.7790660413457302
1.1431701909333147,2.2533022687545534
7.53417384168292,-1.567118517307975
8.006573523504754,4.32531686079609
1.514812552598509,3.4004756243089282
3.427280125601828,9.060867687021355
9.612279072532132,8.712385540854605
3.961179863054535,-1.5457550986148085
4.389880005475239,8.426951000508836
5.384081171992028,12.393192145608044
0.07832689818499938,-0.0947154136551425
8.529261229986927,14.573596391877484
5.722534346999018,11.602748534175175
9.134867346515588,34.63920831416199
2.9266529649100304,3.6362416933319066
2.9340220811082873,2.7661230526418894
7.772435010257653,2.6902319343693737
4.234430576077861,10.887575820845308
7.5398557789997565,5.613338232136501
5.8915556421238,-5.476224266440701
5.492337332142227,3.480982240304643
0.9428899814399294,2.3579605045206837
6.229560471517287,-3.7457186651915073
2.3470837545556567,1.1337831729779757
7.431587652316325,19.154719179265232
4.691204672214994,10.929576450885893
9.046236656460003,16.95788707828459
8.331026162060667,14.117904246169713
1.9942258240719224,4.502773746446676
2.3960127694818767,6.598688484121823
7.8974827762567825,0.6276272719130311
8.163588195759583,5.926435271995529
4.375041237684286,6.455483518598091
3.146527950497253,7.444800360238153
2.6298028516978036,-1.8665876224544915
8.079802840539342,19.561613029605162
0.4829932233527745,1.6551341010690663
3.4391018605692967,2.662327440035211
6.267051072411322,-6.939481552932328
4.54740872052502,7.318465816811986
4.179174653707697,11.294310914103969
3.934363795405764,10.07090843268881
4.1086798162703575,15.287696048464422
1.8119448097970947,1.268416223009075
4.949030008591904,7.8596593472711875
9.042915078893088,19.94671768277624
8.398546362582875,9.939941200248903
3.3239495983594303,1.146130472884007
4.830381166239689,8.019658992516703
4.00144741829881,-1.3517594145972582
8.710230124364722,11.73496101728736
1.092702812453712,3.917416228570138
2.8971122809707572,6.8309564472889255
0.7703393099871492,0.9031916704456997
1.7907034324659565,2.43182366077173
7.811961087420098,5.285704954291141
7.816596177434888,15.764757252469995
4.756375593969873,5.180417149775643
5.993629410061343,12.718090110706374
0.08089024359994812,0.2630949550696333
2.9558490416998593,9.798179332324057
4.166856781523316,2.0999528547010584
8.761217486989572,18.77699948664
5.088556073968816,10.927658746978318
0.08674904489401114,1.060967990142959
7.98509849261623,10.816981586413561
2.936361820230374,2.6032769275513754
2.9007069922788697,6.525809697868743
0.6892061722420029,-1.5698828670495664
0.684039860849962,3.505915765320628
3.6743256975680074,3.659055090062415
5.574965258863389,11.66827323958715
6.4847102862221515,18.174058454712718
6.655680443995131,8.847568833815245
4.480161554345672,4.9222002882123315
9.258444805244922,18.009342641715417
7.365556779279787,1.8963417593624268
5.72428013344648,7.858142738645426
4.142205737758299,9.747766232432095
0.21318426230038656,1.5664385266572887
4.52348527431676,10.7287158983345
1.8582748261461113,1.1627704247398356
1.1767543901816568,2.852884160968327
6.802554712195107,12.470962132446811
1.3678564657488024,7.741437653581668
0.4788244544812226,0.598274660487089
1.6794341193562923,0.5013448506557028
2.039414155183948,3.0891269638999246
7.655423229058954,9.004141411137802
6.721834598046049,8.255844855413116
3.7665859763842713,11.363919950293186
7.710497505957967,2.7128388618459294
6.512149530224814,11.271905415660703
6.830340793297128,3.7871361219591
9.96012766454409,33.00766571752632
1.3581982457572683,-0.7874715360674047
2.960857268008734,5.692407052391408
7.813460061407619,10.38936482757201
1.2956886722811056,2.910160919098155
8.51539562923911,6.2200402745320185
8.15094409026747,21.024645597127716
2.855401281271882,5.160728498648349
9.202059937262023,18.38642360248661
1.4446965277945967,-1.262230772848611
4.04553040914808,10.196205845839046
0.5085588163008647,2.5149829798728853
5.565366314577203,5.538830193879985
4.052438358992251,8.725953182060298
9.75784455434381,2.6373565686153704
3.758072694190786,3.638322817219911
7.392431400391058,4.073173924127119
5.039903512773477,4.432172712109732
8.617996483150689,7.266358715921607
1.1319853926971102,-0.5311060404529757
4.575434350016327,3.081123417868576
3.4661035531756514,6.264862878963754
5.856270311334667,11.190794405086795
6.243886594123957,18.660999244993473
4.260524844537209,2.660408165660096
7.8564917248533135,22.708990566343864
0.8503360310982355,1.4468292782032266
0.03592153015723354,0.5540223923726567
9.091837451371504,12.016883811431926
3.821783088336047,-2.135905192498644
5.706329487062591,12.499174001903189
3.9718285937191378,6.0179570212234115
3.4115168901186,4.616210844264453
8.313192518222172,23.48118782474083
0.4305831019285389,1.1725173585081865
9.420697953781932,1.5173305165705866
1.0705676987289703,-1.922064065661762
9.56501420757717,30.794159283139578
9.030499201717081,24.678931923556522
5.809217417656621,5.082258638711546
5.539964896360089,17.503357491572586
5.428120636687723,4.15627891494062
7.915197687481692,1.0629602929014172
0.8236291782654293,2.4397325147146054
3.9040630204533766,13.522635299995061
4.425893691655478,5.202497406864092
0.6319319253967737,0.6187673185820476
8.828072003815787,37.12169799040184
9.343136879784677,18.79989761035589
6.92736144376671,8.670609370782351
2.628809168921211,2.079583400967392
0.2598166470452201,-0.5590007856290027
5.958036909400026,9.459719342699984
1.8994617610501674,1.703656079996757
4.554569378834041,10.921023888886598
3.117498582181737,3.1648905123534607
2.1933070825442846,5.997533844891819
2.0208065278895395,4.037153259806203
6.676289169974067,9.880088817948215
8.562676520933138,21.035979618891602
0.8796679589655898,1.5401746126914335
9.841274579567639,10.415058260418832
6.905235221436272,10.617737730370525
4.442181032753576,2.305378499319554
2.952472152466694,8.0630024828986
7.119029368726245,14.017431382014378
1.9437154497256193,3.7856709726387514
5.262406803903556,11.097117128033858
1.38070788292047,0.9771344684749315
1.6181096031650666,3.410881806015067
5.059156263379467,9.383893433655938
6.00724279574413,-3.022644210959667
3.6230705348250494,6.56524260813951
8.723751261159727,3.341869018359997
1.130305553900015,3.7248855333311663
4.679696254160608,11.308530934188525
0.5783048821546299,-1.667376103647183
6.125949768663945,12.023536517399265
2.0241983431915833,0.569818702438583
3.9568516193942385,3.1711691165082456
4.856464433162363,11.97118322887616
8.544837645301046,3.350797536846672
1.5449118672570172,0.3101984229341199
2.2841079246264817,2.6097782064163475
6.918066198375704,10.948268822230784
5.648324668726347,-0.15900541058425333
6.893437551115847,27.85884449750431
4.33430769807023,-3.0692210893769474
4.0370497826231855,6.736603128819423
8.213517280251061,20.995221996690937
2.186270733448945,1.2246211886701621
4.497781602367022,7.686969591099035
6.064871468132789,15.194217421932215
2.979485049029489,3.72480268929045
5.803498695788583,-2.3702797070306545
2.0490446246162417,-3.6576921833172094
0.688760907729008,-1.5246604154969665
0.7329964341321982,3.4769395224050195
8.492745213039703,30.92221948765554
9.65053358873114,11.597115931528243
5.8313934672216785,3.0485003142791003
7.185869329849961,1.8464779055663616
0.4819659156281575,-0.38167803992184934
8.773364764613058,18.54687583139336
6.542797436366669,13.632773044975941
4.166974081864558,9.518788510974105
4.620076501574349,12.520444546220249
2.79385303275663,4.831651419928391
8.195868878981786,25.750479119527093
8.13063388776604,21.16890481675818
1.455452121084243,1.959207961897426
6.600048535358671,2.12602480577078
6.6502123146124585,16.2236415623394
8.349724305781624,5.526789953891692
3.9517519408052557,1.896745820466549
2.6022981770693887,8.51094722421081
0.6032874551182288,0.5065155586323551
1.1990334839320826,0.8853261681471177
1.997338527581629,0.20254371237342728
0.2159654412839085,1.8419878999636725
7.412071093125832,7.6714421462421845
4.05387224875858,6.541747754084343
3.9949861718020854,10.852777064266009
3.580211276232168,10.226161371058922
8.257396334250458,11.600061565052766
8.12939410409314,0.47708086370873204
6.25208477603525,1.5879049086819217
5.489507213104867,0.17146839863843333
3.911974718316582,8.288845555997767
1.5220529816222361,4.876334738372492
2.8911412947968627,-1.455831701632996
0.39071884403369395,2.1590470652380525
1.3154214658364316,3.789725756447374
3.53645871264919,4.635096493811884
0.023414134892271177,0.20638488371066444
8.18080177901736,34.280411438715845
6.005768708051028,5.517535447847733
7.9610662753137165,-7.01377894131053
0.005447109455068988,0.1681065079034531
1.4429203539240731,1.6729017895022833
1.8268818859211189,0.05943562326217755
6.600191731349476,-5.00878826530184
2.346482763817476,3.694189999540259
4.218613822733982,-0.876232174729334
3.95415144966742,4.560011889444486
6.273692909210485,9.700828155823167
2.322585430896582,3.136751106332096
6.375115237720975,5.69491110782841
5.161978936864503,5.482092400371374
5.2373075471611195,1.6767809063171404
1.2150683160107711,2.0454826792035323
9.832190804099554,22.54384125621516
0.15532102434262063,-0.9829566213295213
0.20239472449177787,0.13248960451593553
1.331064284721064,3.229940297730266
7.921044576745407,12.573803012483515
4.758477576263149,19.434359834237576
5.2702349596990725,8.406806621941234
3.156470941764238,5.0351285780498385
3.468666365112285,7.224234854668779
0.30550544620260855,-0.014614140937057818
6.068864448238137,7.925289717555945
9.712600702735624,10.590692137128615
4.3395339316652946,0.3227025394380947
2.988592681150888,5.848573245937831
8.175588003998906,8.489228281429487
9.843104788161133,-1.5827288234718289
5.933484013322163,16.93300420423025
7.791781459506934,18.252396033474817
0.46032122007828136,1.7279625520972244
8.307883605254622,25.197036993975043
3.375101312284108,6.924399329148223
0.41702560749123596,1.7828004395852965
2.6462727133049757,6.123842685050449
2.2026578753679535,1.2701261246722724
2.9637248905408056,-0.03731421873175922
9.456056383589425,-8.191947881731828
8.474747245653065,10.67021078977817
1.081616028598723,0.2002197956160412
9.42231650893071,29.120064751704863
2.9129973810282763,8.08161615338932
3.1529419060916988,7.571782649105396
2.6551389982226423,5.336425001280479
3.5674488500967474,-2.8055658065955944
9.935881939993049,10.007623757583502
9.431595695425333,8.11440354038265
6.724910592569531,9.814680980269042
5.79334474731048,4.599220391162599
6.5954233071824735,24.800462837006496
4.5294958739270825,14.859665262940965
6.258787025766752,12.275032689437623
0.06330500295793295,1.1945305198737932
3.2335605035223223,6.248048272862289
0.4405758596412135,2.4956640836456216
3.5212748860324883,9.035655918668002
8.909211159473195,12.486005663562203
5.686231104967396,14.37259454430268
0.5035357050095646,-0.5122371200016239
0.48296727547135765,2.1718087047273507
2.346120956364225,7.8687596767937595
0.19883344456361862,0.5508890475376584
6.196050125454786,6.674484169031569
8.377993742021786,-4.812579439371262
9.228568526960817,-8.841863004731424
7.53412971976301,11.7129544271934
5.03209216082972,0.8402179117648361
5.952568833678699,15.24061391817665
1.9524768039802676,3.3865099999003196
6.335686687978443,7.505042264292378
7.364368083554732,30.64595886481117
6.231978822535665,12.583134533686032
2.9862152805291386,8.458680495038902
5.44379125378242,-11.208644022415427
0.5102629379743473,-1.3192279893827368
9.424987255963476,1.2743774889845074
0.9384352443782551,-1.0189472958975283
7.801044533412407,-2.982216271861434
9.332347590487549,1.02642969944824
8.488242887707068,13.218070539047547
5.9844992872126515,11.252817574711578
0.014864005190872165,0.19771072503453466
7.8974896316009735,22.00249811064608
8.693937228922703,13.37051523300357
5.632060083029378,7.706083159981722
5.850283324604124,-1.015010571871855
5.302874265763603,5.46652407713334
5.217250104415285,11.69972849047812
0.03814526001175045,0.26459754334630525
3.6650577758336556,1.9949993523426075
0.7064686197931092,0.993387309210143
0.9412407238837761,0.1272174535824826
8.238981757270928,25.208973624079825
5.485176408797184,17.876641016586216
9.892649582489572,-5.089168528186709
7.955682612550038,17.32465107751109
1.9231079253289574,6.179736732456455
3.3047611688618406,6.252535190836079
0.3251706362417339,0.3420256045630704
4.614049669639026,2.4984125664011074
3.7387973650892214,8.013891247173532
9.788073328442634,-1.0101746414737391
1.3269214798564188,2.959291084780385
3.0288616160675783,1.7225060976607618
4.648148251451235,4.364109103365841
2.416350115008723,3.3678673111405715
9.786446161047046,12.97179956493242
9.323672463430041,12.348144835543383
7.364927547666631,19.035589818877757
2.234565756442449,-0.39277467785006603
7.409571917198704,5.773207488544425
3.8080040016779715,7.244539821854639
4.100334697574083,4.1070384508864635
8.883597561068717,8.931387029351697
4.79028108108956,10.059655557472325
7.166547576428176,6.70447287365825
3.8640789185612787,4.735131981001663
0.8272904825965355,2.4136485111874477
2.3498371514063123,1.986189484589534
2.9779898882197897,0.9645025887150696
7.0500923139349645,-12.233564381366952
5.353954256301163,9.571413771515617
5.70787858016663,4.840062415357815
7.1699614897024535,4.808888902403694
0.8078613658541633,-0.0969164685649937
3.4190248473428198,8.051159444675593
7.483542354285398,16.173051049769185
3.8535778969533405,10.81270026050208
6.855025527099907,9.961514914088804
0.4832310224665326,2.0515171868313375
3.79625142555898,10.843019362621906
2.001773123283993,-0.17415348371695494
0.12433712228882787,1.5710955226521572
4.723057049939722,18.1045479749221
7.08123201290125,6.371895984755668
7.002895911613606,12.951855548594295
0.799246287229618,2.6497066814689356
3.0309542050437566,-0.21997041466710865
8.201686056426395,23.241099301407726
0.9706132699598002,-1.463598652009995
4.163194340494317,1.7008372769039513
1.7280067820812084,2.4325598358307343
3.4141834538886364,2.9442067935685237
1.1057602113482223,1.5867223722482149
6.183755761994445,8.880692119306083
9.130348645101702,10.402557642486316
4.755076522413998,8.264717068095688
5.810467894688535,12.7012806913542
5.775780881634624,9.548428071382524
9.42855509330004,13.546108879764516
6.550455539063121,10.279999867438127
8.757627957556931,16.888121462725678
1.8481897460470598,2.8666757439204607
0.49688536257774474,0.7820647878905247
3.9098806496381355,1.3392829592544837
4.623091003381161,2.955927378172322
0.4008010456198319,-0.398538178619004
7.855072991196468,22.33823609924307
7.899909235211854,24.354871179578623
7.600268315862748,17.153947803988142
1.7660873789969023,1.414542151599664
1.0626759895050453,1.021732392854132
9.178454305084845,18.04300898497524
6.350883947884251,8.058093702973647
5.241169034455364,14.097173444218148
5.959891919043075,1.2768706143998312
7.331402227508139,18.601976233709188
6.852041374204814,11.604976425415494
1.7951573609723404,2.6498487812339286
4.201732897372764,7.7322552918218
4.468951091331853,1.0700017491440823
6.421018916532374,4.294921887094298
8.409365033287429,-5.263768824309196
1.2781963704874522,4.440318995511789
4.260389760932085,0.6547262723783245
3.598062899424268,10.621361327278334
9.189100176174827,5.47002430330333
7.581018016322928,17.585646153365253
3.2047204192757253,9.767524616727272
9.485400372193943,2.3649219662943146
0.5362274235070874,0.7999746979350036
4.5376901913196255,14.085454334116715
9.922592583493635,5.336785911387228
8.874312998013497,23.60092247716549
0.25873918526336803,-1.706193342111855
4.695854279911012,16.178449554724686
3.458554955893325,9.211356492618453
7.096008489481478,-2.4201263005539104
6.581819516898943,3.4528484184976147
5.258839415910909,12.526239985165272
1.2414084211983045,-0.7124760996914556
6.54357326473442,22.262697507123526
7.986299325071778,25.25929645055945
7.43081950434639,-2.2385703274318995
7.134922725105123,16.408765280873986
9.729151485930233,14.522240439417272
4.483744397068402,8.36546208225475
1.3872750760680197,1.6531595512782076
0.8191592645950774,0.11221895188329767
5.337837693585735,10.668921121440167
5.214450368194225,9.638779519544995
4.968362124107356,13.27261551886678
4.521854134773081,4.48253820152417
3.9484770118996915,4.51430673283088
1.3731185874679652,0.17897085769081067
3.3408564872644,13.299663673898497
0.3190428429648462,1.1648200340041863
8.561694095340233,17.49149374766847
7.358924347986595,8.507145080202125
4.672579360583271,8.653639275629454
0.6883478843781332,-0.42212351812815996
9.148401999120058,21.287303880231743
7.322205490259103,1.807478870888703
5.603101520632693,10.52994922387902
8.565690044666226,5.524447496126994
1.556352227284239,1.5486995387905695
4.376824559272104,9.666371298935397
5.009141479033491,6.082512743001315
3.3184709805465715,1.0957850279079566
8.320490171403911,16.674275406497884
1.7453039212983057,7.014184298305724
1.0067231393947196,0.6906747967853002
0.733131025135666,1.0789577930618726
2.688963495264379,6.761721090483093
7.433329782138378,9.951838156707423
5.367860908873869,-1.15510227610649
9.163963623526058,18.32546721113951
9.245459430338723,12.853020852224406
2.5549496066642483,2.3149667787334804
2.5082982384400565,0.7527295225157022
3.8722065838717477,3.4414245375189143
6.802814649145937,17.520178133615037
6.029806208529639,6.933001461153971
8.38819492350753,16.950011524312774
2.7983838037074737,-3.6418177720897313
3.2132848660650346,3.068536991904637
